id_dato_jugador_partido,id_jugador,id_partido,titular,amarilla,roja,lesion,cambio,asistencias,goles,sustituido_por
272,296,6,1,0,0,0,-1,0,0,-1
273,691,6,1,1,0,1,46,0,0,694
274,301,6,1,0,0,0,-1,0,0,-1
275,304,6,1,0,0,0,-1,0,0,-1
276,692,6,1,1,0,0,-1,0,0,-1
277,300,6,1,1,0,0,-1,0,0,-1
278,306,6,1,0,0,0,-1,0,0,-1
279,311,6,1,1,0,0,65,0,0,693
280,318,6,1,0,0,0,-1,0,0,-1
281,323,6,1,2,1,0,-1,0,0,-1
282,326,6,1,0,0,0,64,0,0,322
283,297,6,0,0,0,0,-1,0,0,-1
284,294,6,0,0,0,0,-1,0,0,-1
285,303,6,0,0,0,0,-1,0,0,-1
286,305,6,0,0,0,0,-1,0,0,-1
287,320,6,0,0,0,0,-1,0,0,-1
288,693,6,0,1,0,0,65,0,0,-1
289,322,6,0,0,0,0,64,0,0,-1
290,694,6,0,1,0,0,46,0,0,-1
291,40,6,1,0,0,0,-1,0,0,-1
292,41,6,1,0,0,0,46,0,0,696
293,46,6,1,0,0,0,-1,0,0,-1
294,42,6,1,0,0,0,-1,0,0,-1
295,50,6,1,0,0,0,-1,0,0,-1
296,52,6,1,0,0,0,-1,0,0,-1
297,57,6,1,0,0,0,76,0,0,64
298,59,6,1,0,0,0,79,0,0,54
299,55,6,1,0,0,0,79,0,0,697
300,68,6,1,0,1,0,-1,0,0,-1
301,67,6,1,0,0,0,-1,0,0,-1
302,36,6,0,0,0,0,-1,0,0,-1
303,695,6,0,0,0,0,-1,0,0,-1
304,54,6,0,1,0,0,79,0,0,-1
305,53,6,0,0,0,0,-1,0,0,-1
306,56,6,0,0,0,0,-1,0,0,-1
307,60,6,0,0,0,0,-1,0,0,-1
308,64,6,0,0,0,0,76,0,0,-1
309,696,6,0,0,0,0,46,0,0,-1
310,62,6,0,0,0,0,-1,0,0,-1
311,697,6,0,0,0,0,79,0,0,-1
1289,296,29,1,0,0,0,-1,0,0,-1
1290,691,29,1,0,0,0,62,0,0,308
1291,301,29,1,1,0,0,-1,0,0,-1
1292,304,29,1,0,0,0,-1,0,0,-1
1293,692,29,1,0,0,0,-1,0,0,-1
1294,300,29,1,0,0,0,-1,0,0,-1
1295,306,29,1,0,0,0,71,0,0,694
1296,318,29,1,0,0,0,-1,0,0,-1
1297,323,29,1,0,0,0,62,0,0,311
1298,322,29,1,0,0,0,90,0,1,303
1299,326,29,1,0,0,0,-1,0,0,-1
1300,297,29,0,0,0,0,-1,0,0,-1
1301,294,29,0,0,0,0,-1,0,0,-1
1302,303,29,0,0,0,0,90,0,0,-1
1303,305,29,0,0,0,0,-1,0,0,-1
1304,308,29,0,0,0,0,62,0,0,-1
1305,311,29,0,0,0,0,62,0,0,-1
1306,693,29,0,0,0,0,-1,0,0,-1
1307,694,29,0,0,0,0,71,0,0,-1
1308,356,29,1,0,0,0,-1,0,0,-1
1309,362,29,1,0,0,0,-1,0,0,-1
1310,360,29,1,1,0,0,92,0,0,374
1311,370,29,1,0,0,0,-1,0,0,-1
1312,361,29,1,0,0,0,-1,0,0,-1
1313,375,29,1,0,0,0,92,0,0,369
1314,377,29,1,0,0,0,-1,0,0,-1
1315,372,29,1,0,0,0,85,0,0,380
1316,387,29,1,0,0,0,-1,0,0,-1
1317,386,29,1,0,0,0,76,0,0,388
1318,390,29,1,1,0,0,85,0,0,716
1319,357,29,0,0,0,0,-1,0,0,-1
1320,358,29,0,0,0,0,-1,0,0,-1
1321,369,29,0,0,0,0,92,0,0,-1
1322,366,29,0,0,0,0,-1,0,0,-1
1323,367,29,0,0,0,0,-1,0,0,-1
1324,368,29,0,0,0,0,-1,0,0,-1
1325,717,29,0,0,0,0,-1,0,0,-1
1326,373,29,0,0,0,0,-1,0,0,-1
1327,374,29,0,0,0,0,92,0,0,-1
1328,716,29,0,0,0,0,85,0,0,-1
1329,388,29,0,0,0,0,76,0,0,-1
1330,380,29,0,0,0,0,85,0,0,-1
1865,296,43,1,1,0,0,-1,0,0,-1
1866,691,43,1,1,0,0,-1,0,1,-1
1867,301,43,1,1,0,0,61,0,0,311
1868,302,43,1,0,0,0,88,1,0,304
1869,692,43,1,0,0,0,-1,1,0,-1
1870,300,43,1,1,0,0,-1,0,0,-1
1871,299,43,1,1,0,0,61,0,1,319
1872,318,43,1,0,0,0,-1,0,1,-1
1873,323,43,1,0,0,0,61,0,0,317
1874,326,43,1,1,0,0,77,0,0,327
1875,322,43,1,0,0,0,-1,0,0,-1
1876,294,43,0,0,0,0,-1,0,0,-1
1877,304,43,0,0,0,0,88,0,0,-1
1878,303,43,0,0,1,0,-1,0,0,-1
1879,308,43,0,0,0,0,-1,0,0,-1
1880,306,43,0,0,0,0,-1,0,0,-1
1881,311,43,0,0,0,0,61,1,0,-1
1882,319,43,0,0,0,0,61,0,0,-1
1883,317,43,0,0,0,0,61,0,0,-1
1884,327,43,0,0,0,0,77,0,0,-1
1885,693,43,0,0,0,0,-1,0,0,-1
1886,332,43,1,0,0,0,-1,0,0,-1
1887,335,43,1,0,0,0,-1,0,0,-1
1888,334,43,1,0,0,0,-1,0,0,-1
1889,338,43,1,0,0,0,-1,0,0,-1
1890,339,43,1,0,0,0,88,0,0,337
1891,343,43,1,1,0,0,-1,0,1,-1
1892,342,43,1,0,0,0,79,1,0,346
1893,352,43,1,0,0,0,-1,0,0,-1
1894,350,43,1,0,0,0,68,0,0,349
1895,347,43,1,0,0,0,79,0,1,353
1896,678,43,1,1,0,0,69,0,0,354
1897,329,43,0,0,0,0,-1,0,0,-1
1898,676,43,0,0,0,0,-1,0,0,-1
1899,337,43,0,0,0,0,88,0,0,-1
1900,336,43,0,0,0,0,-1,0,0,-1
1901,346,43,0,0,0,0,79,0,0,-1
1902,345,43,0,0,0,0,-1,0,0,-1
1903,354,43,0,0,0,0,69,0,0,-1
1904,349,43,0,0,0,0,68,0,0,-1
1905,353,43,0,0,0,0,79,0,0,-1
3275,296,75,1,0,0,0,-1,0,0,-1
3276,304,75,1,0,0,0,-1,0,0,-1
3277,691,75,1,0,0,0,-1,0,0,-1
3278,302,75,1,0,0,0,81,0,0,311
3279,300,75,1,0,0,0,-1,0,0,-1
3280,692,75,1,0,0,0,82,0,0,303
3281,317,75,1,0,0,0,-1,0,0,-1
3282,318,75,1,0,0,0,-1,0,0,-1
3283,319,75,1,1,0,0,46,0,0,327
3284,322,75,1,0,0,0,82,0,0,693
3285,323,75,1,0,0,0,46,0,0,326
3286,297,75,0,0,0,0,-1,0,0,-1
3287,294,75,0,0,0,0,-1,0,0,-1
3288,308,75,0,0,0,0,-1,0,0,-1
3289,301,75,0,0,0,0,-1,0,0,-1
3290,306,75,0,0,0,0,-1,0,0,-1
3291,303,75,0,0,0,0,82,0,0,-1
3292,315,75,0,0,0,0,-1,0,0,-1
3293,311,75,0,0,0,0,81,0,0,-1
3294,326,75,0,0,0,0,46,0,0,-1
3295,693,75,0,0,0,0,82,0,0,-1
3296,327,75,0,1,0,0,46,0,0,-1
3297,261,75,1,1,0,0,-1,0,0,-1
3298,705,75,1,0,0,0,-1,0,0,-1
3299,275,75,1,0,0,0,-1,0,0,-1
3300,265,75,1,1,0,0,46,0,0,268
3301,273,75,1,0,0,1,72,0,0,284
3302,281,75,1,0,0,0,-1,0,0,-1
3303,279,75,1,0,0,0,-1,0,0,-1
3304,278,75,1,0,1,0,-1,0,0,-1
3305,293,75,1,1,0,0,83,0,0,267
3306,292,75,1,0,0,0,46,0,0,274
3307,286,75,1,0,0,0,61,0,0,706
3308,263,75,0,0,0,0,-1,0,0,-1
3309,267,75,0,0,0,0,83,0,0,-1
3310,272,75,0,0,0,0,-1,0,0,-1
3311,268,75,0,0,0,0,46,0,0,-1
3312,274,75,0,1,0,0,46,0,0,-1
3313,284,75,0,0,0,0,72,0,0,-1
3314,285,75,0,0,0,0,-1,0,0,-1
3315,283,75,0,0,0,0,-1,0,0,-1
3316,290,75,0,0,0,0,-1,0,0,-1
3317,706,75,0,0,0,0,61,0,0,-1
4109,296,94,1,0,0,0,-1,0,0,-1
4110,304,94,1,1,0,0,-1,0,0,-1
4111,691,94,1,0,0,0,64,0,0,326
4112,302,94,1,1,0,0,-1,1,0,-1
4113,692,94,1,0,0,1,55,0,0,306
4114,299,94,1,1,0,0,-1,0,0,-1
4115,318,94,1,1,0,0,-1,0,0,-1
4116,317,94,1,1,0,0,46,0,0,308
4117,323,94,1,0,0,0,64,0,0,311
4118,322,94,1,0,0,0,-1,0,1,-1
4119,327,94,1,0,0,0,78,0,0,319
4120,294,94,0,0,0,0,-1,0,0,-1
4121,307,94,0,0,0,0,-1,0,0,-1
4122,308,94,0,0,0,0,46,0,0,-1
4123,306,94,0,0,0,0,55,0,0,-1
4124,303,94,0,0,0,0,-1,0,0,-1
4125,313,94,0,0,0,0,-1,0,0,-1
4126,311,94,0,0,0,0,64,0,0,-1
4127,315,94,0,0,0,0,-1,0,0,-1
4128,319,94,0,0,0,0,78,0,0,-1
4129,693,94,0,0,0,0,-1,0,0,-1
4130,326,94,0,0,0,0,64,0,0,-1
4131,197,94,1,0,0,0,-1,0,0,-1
4132,202,94,1,0,0,0,-1,0,0,-1
4133,203,94,1,1,0,0,60,0,0,223
4134,205,94,1,0,0,0,-1,0,0,-1
4135,204,94,1,0,0,0,-1,0,0,-1
4136,218,94,1,0,0,0,-1,0,1,-1
4137,711,94,1,1,0,0,60,0,0,209
4138,216,94,1,0,0,0,-1,0,0,-1
4139,221,94,1,0,0,0,72,0,0,229
4140,225,94,1,0,0,0,72,0,0,708
4141,709,94,1,0,0,0,-1,1,0,-1
4142,198,94,0,0,0,0,-1,0,0,-1
4143,200,94,0,0,0,0,-1,0,0,-1
4144,201,94,0,0,0,0,-1,0,0,-1
4145,209,94,0,0,0,0,60,0,0,-1
4146,222,94,0,0,0,0,-1,0,0,-1
4147,223,94,0,0,0,0,60,0,0,-1
4148,229,94,0,0,0,0,72,0,0,-1
4149,712,94,0,0,0,0,-1,0,0,-1
4150,224,94,0,0,0,0,-1,0,0,-1
4151,708,94,0,0,0,0,72,0,0,-1
4152,226,94,0,0,0,0,-1,0,0,-1
5077,296,116,1,0,0,0,-1,0,0,-1
5078,308,116,1,1,0,0,-1,0,0,-1
5079,304,116,1,1,0,0,-1,0,0,-1
5080,302,116,1,0,0,0,-1,0,0,-1
5081,692,116,1,1,0,0,-1,0,0,-1
5082,300,116,1,2,1,0,-1,0,0,-1
5083,299,116,1,0,0,0,-1,0,0,-1
5084,318,116,1,0,0,0,-1,0,0,-1
5085,327,116,1,1,0,0,86,1,0,306
5086,323,116,1,0,0,0,46,0,0,316
5087,322,116,1,0,0,0,89,0,1,326
5088,294,116,0,0,0,0,-1,0,0,-1
5089,691,116,0,0,0,0,-1,0,0,-1
5090,301,116,0,0,0,0,-1,0,0,-1
5091,306,116,0,0,0,0,86,0,0,-1
5092,303,116,0,0,0,0,-1,0,0,-1
5093,311,116,0,1,0,0,-1,0,0,-1
5094,316,116,0,0,0,0,46,0,0,-1
5095,319,116,0,0,0,0,-1,0,0,-1
5096,326,116,0,0,0,0,89,0,0,-1
5097,325,116,0,0,0,0,-1,0,0,-1
5098,693,116,0,0,0,0,-1,0,0,-1
5099,550,116,1,0,0,0,-1,0,0,-1
5100,559,116,1,0,0,0,-1,0,0,-1
5101,564,116,1,0,0,0,-1,0,0,-1
5102,561,116,1,0,0,0,-1,0,0,-1
5103,557,116,1,0,0,0,-1,0,0,-1
5104,572,116,1,1,0,0,62,0,0,568
5105,571,116,1,0,0,0,84,0,0,713
5106,576,116,1,0,0,0,-1,0,0,-1
5107,582,116,1,0,0,1,46,0,0,565
5108,575,116,1,0,0,0,75,0,0,580
5109,583,116,1,0,0,0,75,0,0,585
5110,553,116,0,0,0,0,-1,0,0,-1
5111,551,116,0,0,0,0,-1,0,0,-1
5112,560,116,0,0,0,0,-1,0,0,-1
5113,563,116,0,0,0,0,-1,0,0,-1
5114,568,116,0,0,0,0,62,0,0,-1
5115,569,116,0,0,0,0,-1,0,0,-1
5116,565,116,0,0,0,0,46,0,0,-1
5117,713,116,0,0,0,0,84,0,0,-1
5118,580,116,0,0,0,0,75,0,0,-1
5119,585,116,0,0,0,0,75,0,0,-1
5919,296,135,1,0,0,0,-1,0,0,-1
5920,308,135,1,1,0,0,46,1,0,300
5921,304,135,1,0,0,0,-1,0,0,-1
5922,302,135,1,1,0,0,-1,0,0,-1
5923,692,135,1,0,0,0,-1,0,0,-1
5924,299,135,1,0,0,1,30,0,0,319
5925,318,135,1,0,0,0,-1,0,0,-1
5926,316,135,1,0,0,0,-1,0,0,-1
5927,327,135,1,0,0,0,89,0,1,323
5928,326,135,1,0,0,1,72,0,0,311
5929,322,135,1,0,0,0,89,0,1,303
5930,294,135,0,0,0,0,-1,0,0,-1
5931,306,135,0,0,0,0,-1,0,0,-1
5932,303,135,0,0,0,0,89,0,0,-1
5933,691,135,0,0,0,0,-1,0,0,-1
5934,300,135,0,0,0,0,46,0,0,-1
5935,301,135,0,0,0,0,-1,0,0,-1
5936,311,135,0,0,0,0,72,0,0,-1
5937,319,135,0,0,0,0,30,0,0,-1
5938,693,135,0,0,0,0,-1,0,0,-1
5939,325,135,0,0,0,0,-1,0,0,-1
5940,323,135,0,0,0,0,89,0,0,-1
5941,623,135,1,0,0,0,-1,0,0,-1
5942,630,135,1,1,0,0,-1,0,0,-1
5943,629,135,1,0,0,0,-1,1,0,-1
5944,650,135,1,0,0,0,-1,0,0,-1
5945,728,135,1,0,0,0,68,0,0,626
5946,637,135,1,0,0,0,75,0,0,634
5947,635,135,1,1,0,0,-1,0,0,-1
5948,639,135,1,0,0,0,84,0,0,654
5949,640,135,1,0,0,0,67,0,0,651
5950,644,135,1,1,0,0,-1,0,0,-1
5951,643,135,1,1,0,0,83,0,1,731
5952,641,135,0,0,0,0,-1,0,0,-1
5953,621,135,0,0,0,0,-1,0,0,-1
5954,622,135,0,0,0,0,-1,0,0,-1
5955,652,135,0,0,0,0,-1,0,0,-1
5956,628,135,0,0,0,0,-1,0,0,-1
5957,625,135,0,0,0,0,-1,0,0,-1
5958,626,135,0,0,0,0,68,0,0,-1
5959,634,135,0,0,0,0,75,0,0,-1
5960,654,135,0,0,0,0,84,0,0,-1
5961,731,135,0,0,0,0,83,0,0,-1
5962,651,135,0,0,0,0,67,0,0,-1
5963,648,135,0,0,0,0,-1,0,0,-1
6765,296,154,1,0,0,0,-1,0,0,-1
6766,301,154,1,0,1,0,-1,0,0,-1
6767,300,154,1,1,0,0,70,0,0,311
6768,304,154,1,0,0,0,-1,0,0,-1
6769,306,154,1,0,0,0,-1,1,0,-1
6770,316,154,1,1,0,0,70,0,0,319
6771,318,154,1,0,0,0,-1,0,0,-1
6772,325,154,1,0,0,0,83,0,0,691
6773,327,154,1,0,0,0,-1,0,0,-1
6774,322,154,1,0,0,0,-1,0,1,-1
6775,326,154,1,0,0,0,74,0,0,323
6776,294,154,0,0,0,0,-1,0,0,-1
6777,691,154,0,0,0,0,83,0,0,-1
6778,303,154,0,0,0,0,-1,0,0,-1
6779,311,154,0,0,0,0,70,0,0,-1
6780,319,154,0,0,0,0,70,0,0,-1
6781,693,154,0,0,0,0,-1,0,0,-1
6782,323,154,0,0,0,0,74,0,0,-1
6783,232,154,1,0,0,0,-1,0,0,-1
6784,686,154,1,2,1,0,-1,0,0,-1
6785,234,154,1,0,0,0,-1,0,0,-1
6786,242,154,1,0,0,0,90,0,0,260
6787,241,154,1,1,0,0,90,0,0,259
6788,236,154,1,1,0,0,-1,0,0,-1
6789,248,154,1,0,0,0,-1,0,0,-1
6790,245,154,1,0,1,0,-1,0,0,-1
6791,253,154,1,0,0,0,54,0,0,239
6792,254,154,1,0,0,0,-1,0,0,-1
6793,252,154,1,0,0,0,82,0,0,237
6794,231,154,0,0,0,0,-1,0,0,-1
6795,233,154,0,0,0,0,-1,0,0,-1
6796,235,154,0,0,0,0,-1,0,0,-1
6797,239,154,0,0,0,0,54,0,0,-1
6798,237,154,0,0,0,0,82,0,0,-1
6799,247,154,0,0,0,0,-1,0,0,-1
6800,244,154,0,0,0,0,-1,0,0,-1
6801,260,154,0,0,0,0,90,0,0,-1
6802,255,154,0,0,0,0,-1,0,0,-1
6803,259,154,0,0,0,0,90,0,0,-1
6804,250,154,0,0,0,0,-1,0,0,-1
7957,296,181,1,0,0,0,-1,0,0,-1
7958,304,181,1,0,0,0,69,0,0,311
7959,300,181,1,1,0,0,77,0,0,691
7960,302,181,1,0,0,0,-1,0,0,-1
7961,692,181,1,0,1,0,70,0,0,308
7962,316,181,1,0,0,0,69,0,0,733
7963,318,181,1,0,0,0,-1,0,0,-1
7964,323,181,1,1,0,0,57,0,0,299
7965,327,181,1,0,1,0,-1,0,0,-1
7966,326,181,1,2,1,0,-1,0,0,-1
7967,322,181,1,0,0,0,-1,0,0,-1
7968,294,181,0,0,0,0,-1,0,0,-1
7969,306,181,0,0,0,0,-1,0,0,-1
7970,299,181,0,0,0,0,57,0,0,-1
7971,308,181,0,1,0,0,70,0,0,-1
7972,691,181,0,0,0,0,77,0,0,-1
7973,303,181,0,0,0,0,-1,0,0,-1
7974,301,181,0,0,0,0,-1,0,0,-1
7975,311,181,0,0,0,0,69,0,0,-1
7976,733,181,0,0,0,0,69,0,0,-1
7977,325,181,0,0,0,0,-1,0,0,-1
7978,693,181,0,0,0,0,-1,0,0,-1
7979,462,181,1,0,0,0,-1,0,0,-1
7980,466,181,1,0,0,0,-1,0,0,-1
7981,465,181,1,0,0,0,-1,0,0,-1
7982,469,181,1,1,0,0,46,0,0,470
7983,467,181,1,0,0,0,-1,0,0,-1
7984,476,181,1,0,0,0,-1,0,0,-1
7985,479,181,1,0,0,0,57,0,0,477
7986,473,181,1,1,0,0,46,0,0,478
7987,483,181,1,0,0,0,86,0,0,481
7988,482,181,1,0,0,0,-1,0,0,-1
7989,486,181,1,0,0,0,74,0,2,484
7990,461,181,0,0,0,0,-1,0,0,-1
7991,464,181,0,0,0,0,-1,0,0,-1
7992,468,181,0,0,0,0,-1,0,0,-1
7993,463,181,0,0,0,0,-1,0,0,-1
7994,470,181,0,0,0,0,46,0,0,-1
7995,472,181,0,0,0,0,-1,0,0,-1
7996,477,181,0,1,0,0,57,0,0,-1
7997,478,181,0,0,0,0,46,1,0,-1
7998,471,181,0,0,0,0,-1,0,0,-1
7999,484,181,0,0,0,0,74,0,0,-1
8000,481,181,0,0,0,0,86,0,0,-1
8001,485,181,0,0,0,0,-1,0,0,-1
8529,296,194,1,0,0,0,-1,0,0,-1
8530,308,194,1,0,0,0,-1,0,0,-1
8531,301,194,1,0,0,0,46,0,0,325
8532,304,194,1,0,0,0,-1,0,0,-1
8533,692,194,1,0,0,0,-1,0,0,-1
8534,300,194,1,1,0,0,46,0,0,302
8535,299,194,1,0,0,0,46,0,0,326
8536,316,194,1,0,0,0,-1,0,0,-1
8537,318,194,1,0,0,0,88,0,0,321
8538,322,194,1,0,0,0,88,0,0,323
8539,327,194,1,0,0,0,-1,0,0,-1
8540,294,194,0,0,0,0,-1,0,0,-1
8541,303,194,0,0,0,0,-1,0,0,-1
8542,306,194,0,0,0,0,-1,0,0,-1
8543,302,194,0,0,0,0,46,0,0,-1
8544,311,194,0,0,0,0,-1,0,0,-1
8545,321,194,0,0,0,0,88,0,0,-1
8546,319,194,0,0,0,0,-1,0,0,-1
8547,326,194,0,0,0,0,46,0,0,-1
8548,323,194,0,0,0,0,88,0,0,-1
8549,325,194,0,0,0,0,46,0,0,-1
8550,0,194,1,0,0,0,-1,0,0,-1
8551,17,194,1,0,0,0,-1,0,0,-1
8552,7,194,1,0,0,1,46,0,0,23
8553,13,194,1,1,0,0,-1,0,0,-1
8554,16,194,1,0,0,0,-1,1,0,-1
8555,19,194,1,1,0,0,-1,0,0,-1
8556,25,194,1,0,0,0,88,0,0,9
8557,24,194,1,0,0,0,-1,0,0,-1
8558,26,194,1,0,0,0,-1,0,0,-1
8559,35,194,1,0,0,0,75,1,0,34
8560,33,194,1,0,0,0,88,0,2,21
8561,3,194,0,0,0,0,-1,0,0,-1
8562,2,194,0,0,0,0,-1,0,0,-1
8563,14,194,0,0,0,0,-1,0,0,-1
8564,9,194,0,0,0,0,88,0,0,-1
8565,20,194,0,0,0,0,-1,0,0,-1
8566,22,194,0,0,0,0,-1,0,0,-1
8567,30,194,0,0,0,0,-1,0,0,-1
8568,23,194,0,0,0,0,46,0,0,-1
8569,21,194,0,0,0,0,88,0,0,-1
8570,34,194,0,0,0,0,75,0,0,-1
9354,296,213,1,0,0,0,-1,0,0,-1
9355,308,213,1,0,0,0,-1,0,0,-1
9356,300,213,1,0,0,0,-1,0,0,-1
9357,302,213,1,1,0,0,-1,0,0,-1
9358,306,213,1,0,0,0,-1,0,0,-1
9359,321,213,1,0,0,1,81,0,0,304
9360,318,213,1,0,0,0,-1,0,0,-1
9361,325,213,1,0,0,0,71,0,0,303
9362,327,213,1,1,0,0,-1,0,0,-1
9363,322,213,1,0,0,0,71,0,1,311
9364,323,213,1,0,0,0,63,0,0,733
9365,294,213,0,0,0,0,-1,0,0,-1
9366,303,213,0,0,0,0,71,0,0,-1
9367,304,213,0,0,0,0,81,0,0,-1
9368,301,213,0,0,0,0,-1,0,0,-1
9369,691,213,0,0,0,0,-1,0,0,-1
9370,311,213,0,0,0,0,71,0,0,-1
9371,319,213,0,0,0,0,-1,0,0,-1
9372,326,213,0,0,0,0,-1,0,0,-1
9373,733,213,0,0,0,0,63,0,0,-1
9374,586,213,1,0,0,0,-1,0,0,-1
9375,595,213,1,0,0,0,-1,0,1,-1
9376,592,213,1,1,0,0,-1,0,0,-1
9377,593,213,1,0,0,0,88,0,0,594
9378,601,213,1,0,0,0,-1,0,0,-1
9379,609,213,1,0,0,0,-1,0,0,-1
9380,604,213,1,0,0,0,-1,0,0,-1
9381,603,213,1,0,0,0,59,0,0,608
9382,672,213,1,0,0,0,-1,0,0,-1
9383,616,213,1,0,0,0,-1,0,0,-1
9384,617,213,1,0,0,0,89,0,0,610
9385,587,213,0,0,0,0,-1,0,0,-1
9386,589,213,0,0,0,0,-1,0,0,-1
9387,598,213,0,0,0,0,-1,0,0,-1
9388,600,213,0,0,0,0,-1,0,0,-1
9389,594,213,0,0,0,0,88,0,0,-1
9390,597,213,0,0,0,0,-1,0,0,-1
9391,605,213,0,0,0,0,-1,0,0,-1
9392,608,213,0,0,0,0,59,0,0,-1
9393,611,213,0,0,0,0,-1,0,0,-1
9394,613,213,0,0,0,0,-1,0,0,-1
9395,610,213,0,0,0,0,89,0,0,-1
10220,296,233,1,0,0,0,-1,0,0,-1
10221,308,233,1,0,0,0,-1,0,0,-1
10222,300,233,1,0,0,0,-1,0,0,-1
10223,302,233,1,0,0,0,-1,0,0,-1
10224,306,233,1,0,0,0,87,0,0,314
10225,316,233,1,0,0,0,-1,0,0,-1
10226,318,233,1,0,0,0,87,0,0,299
10227,325,233,1,0,0,0,75,0,0,311
10228,327,233,1,1,0,0,-1,1,0,-1
10229,323,233,1,0,0,0,-1,0,2,-1
10230,322,233,1,0,0,0,-1,0,1,-1
10231,294,233,0,0,0,0,-1,0,0,-1
10232,299,233,0,0,0,0,87,0,0,-1
10233,298,233,0,0,0,0,-1,0,0,-1
10234,301,233,0,0,0,0,-1,0,0,-1
10235,311,233,0,0,0,0,75,0,0,-1
10236,321,233,0,0,0,0,-1,0,0,-1
10237,319,233,0,0,0,0,-1,0,0,-1
10238,314,233,0,0,0,0,87,0,0,-1
10239,326,233,0,0,0,0,-1,0,0,-1
10240,521,233,1,0,0,0,-1,0,0,-1
10241,532,233,1,0,0,0,-1,0,0,-1
10242,522,233,1,0,0,0,-1,0,0,-1
10243,525,233,1,0,0,0,87,1,0,528
10244,530,233,1,1,0,0,-1,0,0,-1
10245,531,233,1,0,0,0,55,0,0,549
10246,539,233,1,1,0,0,80,0,0,541
10247,535,233,1,0,0,0,-1,0,0,-1
10248,537,233,1,0,0,0,55,0,0,545
10249,538,233,1,0,0,0,-1,0,0,-1
10250,547,233,1,0,0,0,80,0,1,536
10251,518,233,0,0,0,0,-1,0,0,-1
10252,519,233,0,0,0,0,-1,0,0,-1
10253,528,233,0,0,0,0,87,0,0,-1
10254,529,233,0,0,0,0,-1,0,0,-1
10255,523,233,0,0,0,0,-1,0,0,-1
10256,536,233,0,0,0,0,80,0,0,-1
10257,549,233,0,0,0,0,55,0,1,-1
10258,541,233,0,0,0,0,80,0,0,-1
10259,543,233,0,0,0,0,-1,0,0,-1
10260,542,233,0,0,0,0,-1,0,0,-1
10261,545,233,0,0,0,0,55,1,0,-1
10262,548,233,0,0,0,0,-1,0,0,-1
11534,296,263,1,0,0,0,-1,0,0,-1
11535,304,263,1,0,0,0,-1,0,0,-1
11536,301,263,1,0,0,0,-1,0,0,-1
11537,302,263,1,0,0,0,-1,2,0,-1
11538,299,263,1,1,0,0,46,0,0,306
11539,316,263,1,0,0,0,-1,0,0,-1
11540,318,263,1,0,0,0,-1,0,1,-1
11541,314,263,1,1,0,0,67,0,0,319
11542,327,263,1,1,0,0,-1,0,1,-1
11543,323,263,1,1,0,0,89,1,1,303
11544,322,263,1,0,0,1,78,0,0,326
11545,294,263,0,0,0,0,-1,0,0,-1
11546,303,263,0,0,0,0,89,0,0,-1
11547,309,263,0,0,0,0,-1,0,0,-1
11548,306,263,0,0,0,0,46,0,0,-1
11549,321,263,0,0,0,0,-1,0,0,-1
11550,319,263,0,0,0,0,67,0,0,-1
11551,311,263,0,0,0,0,-1,0,0,-1
11552,325,263,0,0,0,0,-1,0,0,-1
11553,326,263,0,0,0,0,78,0,0,-1
11554,433,263,1,0,0,0,-1,0,0,-1
11555,440,263,1,0,0,0,-1,1,0,-1
11556,441,263,1,0,0,0,-1,0,0,-1
11557,442,263,1,0,0,0,-1,0,1,-1
11558,439,263,1,0,0,0,-1,0,0,-1
11559,450,263,1,0,0,0,59,0,0,455
11560,448,263,1,1,0,0,69,1,0,444
11561,449,263,1,0,0,0,-1,1,0,-1
11562,443,263,1,0,0,0,59,0,0,447
11563,456,263,1,0,0,0,85,0,1,452
11564,460,263,1,0,0,0,85,0,1,454
11565,430,263,0,0,0,0,-1,0,0,-1
11566,436,263,0,0,0,0,-1,0,0,-1
11567,438,263,0,0,0,0,-1,0,0,-1
11568,435,263,0,0,0,0,-1,0,0,-1
11569,445,263,0,0,0,0,-1,0,0,-1
11570,447,263,0,0,0,0,59,0,0,-1
11571,444,263,0,0,0,0,69,0,0,-1
11572,458,263,0,0,0,0,-1,0,0,-1
11573,455,263,0,0,0,0,59,0,0,-1
11574,452,263,0,0,0,0,85,0,0,-1
11575,459,263,0,0,0,0,-1,0,0,-1
11576,454,263,0,0,0,0,85,0,0,-1
12407,296,283,1,0,0,0,-1,0,0,-1
12408,308,283,1,1,0,0,-1,0,0,-1
12409,300,283,1,0,0,0,-1,0,0,-1
12410,304,283,1,0,0,1,57,0,0,302
12411,306,283,1,0,0,0,91,0,0,301
12412,321,283,1,0,0,0,68,0,1,323
12413,316,283,1,1,0,0,-1,0,0,-1
12414,314,283,1,0,0,0,68,1,0,311
12415,318,283,1,0,0,0,-1,0,0,-1
12416,319,283,1,1,0,0,91,0,0,299
12417,327,283,1,0,0,0,-1,0,0,-1
12418,294,283,0,0,0,0,-1,0,0,-1
12419,302,283,0,0,0,0,57,0,0,-1
12420,299,283,0,1,0,0,91,0,0,-1
12421,301,283,0,0,0,0,91,0,0,-1
12422,303,283,0,0,0,0,-1,0,0,-1
12423,311,283,0,0,0,0,68,0,0,-1
12424,325,283,0,0,0,0,-1,0,0,-1
12425,323,283,0,0,0,0,68,0,0,-1
12426,326,283,0,0,0,0,-1,0,0,-1
12427,71,283,1,0,0,0,-1,0,0,-1
12428,78,283,1,0,0,0,-1,0,0,-1
12429,77,283,1,0,0,0,-1,0,0,-1
12430,75,283,1,0,0,0,-1,0,0,-1
12431,80,283,1,0,0,0,-1,0,0,-1
12432,81,283,1,1,0,0,54,0,0,84
12433,83,283,1,0,0,0,-1,0,0,-1
12434,85,283,1,0,0,0,77,0,0,90
12435,95,283,1,1,0,0,-1,0,0,-1
12436,94,283,1,1,0,0,77,0,0,93
12437,89,283,1,0,0,0,-1,0,0,-1
12438,70,283,0,0,0,0,-1,0,0,-1
12439,72,283,0,0,0,0,-1,0,0,-1
12440,74,283,0,0,0,0,-1,0,0,-1
12441,73,283,0,0,0,0,-1,0,0,-1
12442,84,283,0,0,0,0,54,0,0,-1
12443,93,283,0,0,0,0,77,0,0,-1
12444,90,283,0,1,0,0,77,0,0,-1
12445,98,283,0,0,0,0,-1,0,0,-1
12852,296,293,1,0,0,0,-1,0,0,-1
12853,308,293,1,0,0,0,-1,0,1,-1
12854,300,293,1,0,0,0,-1,0,0,-1
12855,304,293,1,0,0,0,62,0,0,302
12856,306,293,1,0,0,0,71,0,0,311
12857,321,293,1,0,0,0,80,0,0,326
12858,316,293,1,0,0,0,-1,0,0,-1
12859,314,293,1,0,0,0,62,0,0,323
12860,318,293,1,0,0,0,-1,0,0,-1
12861,319,293,1,1,0,0,71,0,0,299
12862,327,293,1,0,0,0,-1,0,0,-1
12863,294,293,0,0,0,0,-1,0,0,-1
12864,299,293,0,0,0,0,71,0,0,-1
12865,302,293,0,1,0,0,62,0,0,-1
12866,311,293,0,1,0,0,71,0,0,-1
12867,323,293,0,1,0,0,62,0,0,-1
12868,326,293,0,0,0,0,80,0,0,-1
12869,395,293,1,0,0,0,-1,0,0,-1
12870,406,293,1,0,0,0,-1,0,0,-1
12871,402,293,1,0,0,0,65,0,0,412
12872,401,293,1,1,0,0,-1,0,0,-1
12873,404,293,1,1,0,0,88,0,0,421
12874,405,293,1,1,0,0,-1,0,0,-1
12875,408,293,1,1,0,0,-1,0,0,-1
12876,416,293,1,0,0,0,81,0,0,400
12877,425,293,1,0,0,0,81,0,0,409
12878,424,293,1,1,0,0,88,0,0,396
12879,429,293,1,0,0,0,-1,0,0,-1
12880,393,293,0,0,0,0,-1,0,0,-1
12881,392,293,0,0,0,0,-1,0,0,-1
12882,400,293,0,0,0,0,81,0,0,-1
12883,396,293,0,0,0,0,88,0,0,-1
12884,407,293,0,0,0,0,-1,0,0,-1
12885,409,293,0,0,0,0,81,0,0,-1
12886,412,293,0,0,0,0,65,0,0,-1
12887,411,293,0,0,0,0,-1,0,0,-1
12888,422,293,0,0,0,0,-1,0,0,-1
12889,421,293,0,0,0,0,88,0,0,-1
12890,420,293,0,0,0,0,-1,0,0,-1
12891,428,293,0,0,0,0,-1,0,0,-1
13727,296,313,1,0,0,0,-1,0,0,-1
13728,308,313,1,0,0,0,-1,0,0,-1
13729,300,313,1,0,0,1,91,0,0,325
13730,302,313,1,0,0,0,-1,0,0,-1
13731,299,313,1,0,0,0,88,0,0,304
13732,318,313,1,0,0,0,-1,0,0,-1
13733,321,313,1,0,0,0,67,0,0,323
13734,316,313,1,0,0,0,-1,0,0,-1
13735,319,313,1,0,0,0,88,0,1,328
13736,327,313,1,0,0,0,-1,0,0,-1
13737,326,313,1,0,0,0,67,0,0,314
13738,294,313,0,0,0,0,-1,0,0,-1
13739,295,313,0,0,0,0,-1,0,0,-1
13740,303,313,0,0,0,0,-1,0,0,-1
13741,304,313,0,0,0,0,88,0,0,-1
13742,314,313,0,0,0,0,67,0,0,-1
13743,312,313,0,0,0,0,-1,0,0,-1
13744,310,313,0,0,0,0,-1,0,0,-1
13745,325,313,0,0,0,0,91,0,0,-1
13746,323,313,0,0,0,0,67,0,0,-1
13747,328,313,0,0,0,0,88,0,0,-1
13748,163,313,1,0,0,0,-1,0,0,-1
13749,175,313,1,0,0,0,-1,0,0,-1
13750,177,313,1,0,0,1,84,0,0,176
13751,172,313,1,0,0,0,-1,0,0,-1
13752,169,313,1,0,0,0,46,0,0,167
13753,182,313,1,1,0,0,-1,0,0,-1
13754,178,313,1,0,0,0,-1,0,0,-1
13755,186,313,1,0,0,0,46,0,1,195
13756,187,313,1,0,0,0,69,0,0,166
13757,193,313,1,0,0,0,-1,0,0,-1
13758,194,313,1,0,0,0,68,1,0,196
13759,164,313,0,0,0,0,-1,0,0,-1
13760,165,313,0,0,0,0,-1,0,0,-1
13761,167,313,0,0,0,0,46,0,0,-1
13762,176,313,0,0,0,0,84,0,0,-1
13763,166,313,0,1,0,0,69,0,0,-1
13764,185,313,0,0,0,0,-1,0,0,-1
13765,183,313,0,0,0,0,-1,0,0,-1
13766,196,313,0,0,0,0,68,0,0,-1
13767,189,313,0,0,0,0,-1,0,0,-1
13768,195,313,0,0,0,0,46,0,0,-1
